,0
0,Biographies............................................................................................................. v
1,Foreword .............................................................................................................. vii
2,"Bob Dannhauser, CFA"
3,"Preface: Investing Is Rational, Money Is Emotional .................................................. ix"
4,"Joachim Klement, CFA"
5,Investor Risk Profiling: An Overview ....................................................................... 1
6,"Joachim Klement, CFA"
7,Risk Profiling through a Behavioral Finance Lens.................................................... 17
8,"Michael Pompian, CFA"
9,Financial Risk Tolerance: A Psychometric Review................................................... 35
10,Risk Tolerance and Circumstances ......................................................................... 55
11,"Elke U. Weber and Joachim Klement, CFA"
12,New Vistas in Risk Profiling................................................................................... 71
13,Greg B. Davies
